nome,senha
Filbert,lXun.pA%
Aubry,lV|g9
Linnea,aM(7V
Shay,jPbt}c#
Jase,"rF0,"
Florry,bT$.knc
Martie,gQubgH
Mathe,qU5C!
Kelcy,cCQYwGaA
Maggi,dF7Lo4
Silas,lO{3Y
Aurore,kERb
Phillida,gXi5+QPk
Humberto,yVXt
Lizzie,dN/jl9
Maryl,tJMPQr#q
Tonia,lH~?/H
Jordon,nH&orV}i
Palm,cIY3{>b|
Marline,hXCR
Gabriel,yEAS
Sibley,vY9BR6*b
Patric,gQlou`
Mitzi,bL#jDbM
Alix,tIKd|oA
Ronalda,lA8RZ_&
Sigismundo,lR=iP%~
Carree,rBDDpJe
Felisha,uGL+c
Melvin,cJB@5@KK
Enrique,aMB?dZ+
Chris,bKq%Md@
Cinderella,"vV)YQ""l,"
Brendin,aEg#X
Athene,fZ+rEpu
Karalee,"vB""9Z2TE"
Addie,uV5%a%R
Yoshiko,lO_Z
Maxi,iRDh+G@Y
Hollis,mP.`
Charlene,fY<e7iw
Wilone,zZzB
Neala,sY%#r{DF
Cristina,oQv(0t
Milissent,hK3zrY1u
Toma,iB.nhi
Harv,rYHsdhfi
Glynis,eB?NO%
Natal,hQ9J!RY
Lyndy,mRAF
Winnie,dRopP
Vickie,eWWS3+`7
Nelli,yAdm
Rosene,eMXMi
Justus,xM{vA
Myrtice,jBTOCEQ
Burnard,"mCM""Ree"
Regina,zHgUv
Seana,gX'0(j&
Tillie,nFy/!%N
Adriaens,wXq.lkc
Karl,nM'fW$
Leicester,hVF1X
Arnie,mB'2
Reade,aAei|F=
Kaleena,vNYp
Nealson,jP!oq3
Keene,uFO3wsA
Gretchen,jM<PN3hJ
Jamill,eNhya
Merla,cMlWBt
Christiano,nS'tc
Breena,nGv&
Hamlin,cXGp?dj8
Violante,kTq$eq!
Benedikt,oOY~I
Felicio,lOh({/e
Luca,pAV)o5b
Kaspar,ePDL'
Yolanda,vM}+o
Daisy,yThIj5cb
Aldon,tQu?~sf
Celle,gR5S4A~
Herb,mWVB|=W
Ollie,kK#yf
Torie,kL3g*nL
Carrie,pP*@m?ae
Philly,xJv<!Z
Otis,"yT3B,}"
Webb,zW.I4
Bernadina,kIKGHF
Gradeigh,eBEc%/2
Raf,pCAi
Helge,sH&3GE
Joelly,iV=/
Winna,bP(r
Gary,uEELUzX
Cornie,pKRC?B?\
Alisun,"xD1Dd""C"
Lissie,gV}zA+=w
